Workbook

Sheet Prehled
A1: Data ke kapitole 3
A3: Začněte vstupy. Žluté buňky obsahují data; modré buňky na výpočtových listech vzorce.
A4: Zadání a vysvětlení jsou v kapitole. Řešení otevírejte až po vlastním pokusu.
A5: Slovní úlohy bez konkrétních pozorování nevyžadují vlastní datový list.
A6: Hladké modelové křivky jsou modely, nikoli další soubory naměřených hodnot.
A7: List | B7: Oblast vstupů / tabulky | C7: Příklad nebo cvičení
A8: Zaklad_data | B8: A2:A6 | C8: Střed, odchylky, percentilové pořadí
A9: Stejny_prumer | B9: A2:B6 | C9: Obrázek: stejný průměr, různá variabilita
A10: Dva_mody | B10: A2:A6 | C10: Výklad modu
A11: Sudy_median | B11: A2:A5 | C11: Výklad mediánu
A12: Percentil_ctyri | B12: A2:A5 | C12: Výklad: 30. percentil a podíl pozorování
A13: Transformace | B13: A2:A5 | C13: Výklad a obrázek: lineární a nelineární převod
A14: Ordinalni_kvantily | B14: A2:D5 | C14: Výklad: kvantil odpočatosti
A15: Vazeny_prumer | B15: A2:C3 | C15: Výklad: spojení skupin
A16: Vyjimky_stredu | B16: A2:D6 | C16: Obrázek: výjimky z pořadí ukazatelů středu
A17: Kvantily | B17: A2:A12 | C17: Výklad interpolace; cvičení 3 (druhá část)
A18: Orezani | B18: A2:A11 | C18: Výklad: 10 %; cvičení 8: 20 % na každém konci
... A38: Kontrola_prikladu | B38: A1:H42 | C38: Kontrolní výpočty; vstupy na Kvantily, Orezani, Boxplot

Sheet Priklad
A1: Doba (min) | B1: Odchylka od průměru | C1: Absolutní odchylka | D1: Čtverec odchylky | E1: Absolutní odchylka od mediánu | F1: Třetí mocnina | G1: Čtvrtá mocnina | I1: Ukazatel | J1: Výsledek
A2: 4 | B2: =A2-$J$3 -> -2 | C2: =ABS(B2) -> 2 | D2: =B2^2 -> 4 | E2: =ABS(A2-$J$4) -> 1 | F2: =B2^3 -> -8 | G2: =B2^4 -> 16 | I2: Počet platných údajů | J2: =COUNT(A2:A6) -> 5
A3: 5 | B3: =A3-$J$3 -> -1 | C3: =ABS(B3) -> 1 | D3: =B3^2 -> 1 | E3: =ABS(A3-$J$4) -> 0 | F3: =B3^3 -> -1 | G3: =B3^4 -> 1 | I3: Průměr (min) | J3: =AVERAGE(A2:A6) -> 6
A4: 5 | B4: =A4-$J$3 -> -1 | C4: =ABS(B4) -> 1 | D4: =B4^2 -> 1 | E4: =ABS(A4-$J$4) -> 0 | F4: =B4^3 -> -1 | G4: =B4^4 -> 1 | I4: Medián (min) | J4: =MEDIAN(A2:A6) -> 5
A5: 6 | B5: =A5-$J$3 -> 0 | C5: =ABS(B5) -> 0 | D5: =B5^2 -> 0 | E5: =ABS(A5-$J$4) -> 1 | F5: =B5^3 -> 0 | G5: =B5^4 -> 0 | I5: Modus (min) | J5: =_xlfn.MODE.SNGL(A2:A6) -> 5
A6: 10 | B6: =A6-$J$3 -> 4 | C6: =ABS(B6) -> 4 | D6: =B6^2 -> 16 | E6: =ABS(A6-$J$4) -> 5 | F6: =B6^3 -> 64 | G6: =B6^4 -> 256 | I6: Minimum (min) | J6: =MIN(A2:A6) -> 4
I7: Maximum (min) | J7: =MAX(A2:A6) -> 10
I8: 1. kvartil (min) | J8: =_xlfn.PERCENTILE.INC(A2:A6,0.25) -> 5
A9: Autorský příklad: pět vyplněných číselných časů. Žluté buňky jsou vstupy, modré vzorce. | I9: 3. kvartil (min) | J9: =_xlfn.PERCENTILE.INC(A2:A6,0.75) -> 6
I10: Variační rozpětí (min) | J10: =J7-J6 -> 6
A11: Změňte 10 na 30 minut a porovnejte průměr, medián a variabilitu. Potom obnovte 10. | I11: Mezikvartilové rozpětí (min) | J11: =J9-J8 -> 1
I12: Průměrná abs. odchylka (min) | J12: =AVERAGE(C2:C6) -> 1.6
A13: Sloupce F a G patří k nepovinnému rozšíření. Výsledky jsou na listu Rozsireni. | I13: Součet čtverců (min²) | J13: =SUM(D2:D6) -> 22
I14: Rozptyl s dělením n (min²) | J14: =J13/J2 -> 4.4
A15: Nemažte jednotlivé vstupy: pomocné odchylky v tomto malém příkladu předpokládají všech pět čísel. | I15: Výběrový rozptyl (min²) | J15: =_xlfn.VAR.S(A2:A6) -> 5.5
I16: Výběrová směr. odchylka (min) | J16: =_xlfn.STDEV.S(A2:A6) -> 2.3452079
I17: Medián abs. odchylek (min) | J17: =MEDIAN(E2:E6) -> 1
A19: Kvartily: PERCENTIL.INC. Medián absolutních odchylek je bez násobení korekční konstantou.
A21: Výsledky se zobrazují na dvě desetinná místa; vzorce pracují s plnou přesností.

Sheet Souhrn
A1: Ukazatel | B1: Spánek (hodiny) | C1: Paměť (slova) | D1: Význam
A2: Počet | B2: =COUNT(Data!B2:B37) -> 33 | C2: =COUNT(Data!C2:C37) -> 36 | D2: Počet zaznamenaných čísel
A3: Průměr | B3: =AVERAGE(Data!B2:B37) -> 7.0636364 | C3: =AVERAGE(Data!C2:C37) -> 7.0277778 | D3: Součet dělený platným počtem
A4: Medián | B4: =MEDIAN(Data!B2:B37) -> 7.1 | C4: =MEDIAN(Data!C2:C37) -> 7 | D4: Prostřední poloha
A5: Minimum | B5: =MIN(Data!B2:B37) -> 4.5 | C5: =MIN(Data!C2:C37) -> 0 | D5: Nejnižší hodnota
A6: Maximum | B6: =MAX(Data!B2:B37) -> 9.5 | C6: =MAX(Data!C2:C37) -> 12 | D6: Nejvyšší hodnota
A7: 1. kvartil | B7: =_xlfn.PERCENTILE.INC(Data!B2:B37,0.25) -> 6.2 | C7: =_xlfn.PERCENTILE.INC(Data!C2:C37,0.25) -> 5.75 | D7: Interpolace při podílu 0,25
A8: 3. kvartil | B8: =_xlfn.PERCENTILE.INC(Data!B2:B37,0.75) -> 8 | C8: =_xlfn.PERCENTILE.INC(Data!C2:C37,0.75) -> 9 | D8: Interpolace při podílu 0,75
A9: Mezikvartilové rozpětí | B9: =B8-B7 -> 1.8 | C9: =C8-C7 -> 3.25 | D9: 3. kvartil minus 1. kvartil
A10: Výběrový rozptyl | B10: =_xlfn.VAR.S(Data!B2:B37) -> 1.6605114 | C10: =_xlfn.VAR.S(Data!C2:C37) -> 6.7134921 | D10: Ve čtvercích příslušných jednotek
A11: Směrodatná odchylka | B11: =_xlfn.STDEV.S(Data!B2:B37) -> 1.2886083 | C11: =_xlfn.STDEV.S(Data!C2:C37) -> 2.5910407 | D11: V původních jednotkách
A12: Šikmost | B12: =SKEW(Data!B2:B37) -> -0.12505365 | C12: =SKEW(Data!C2:C37) -> -0.47057775 | D12: Znaménko: delší chvost; bez jednotky
A13: Exces | B13: =KURT(Data!B2:B37) -> -0.55379448 | C13: =KURT(Data!C2:C37) -> 0.48140625 | D13: Kladný: více velmi vzdálených hodnot než u normálního modelu
A14: Spánek: tři údaje chybějí. Paměť: nula vybavených slov je platný výsledek.
A16: Při přidávání řádků rozšiřte oblasti ve vzorcích. Každý sloupec má vlastní počet platných údajů.

Sheet Rozsireni
A1: Strategie | B1: Četnost | C1: Podíl | D1: Příspěvek k entropii | I1: Tvar průběžného příkladu | J1: Výsledek
A2: A | B2: 4 | C2: =B2/SUM($B$2:$B$5) -> 0.5 | D2: =IF(C2=0,0,-C2*LOG(C2,2)) -> 0.5 | I2: Základní šikmost: výpočet | J2: =AVERAGE(Priklad!F2:F6)/(SQRT(Priklad!J14)^3) -> 1.1701586
A3: B | B3: 2 | C3: =B3/SUM($B$2:$B$5) -> 0.25 | D3: =IF(C3=0,0,-C3*LOG(C3,2)) -> 0.5 | I3: Základní šikmost: SKEW.P | J3: =_xlfn.SKEW.P(Priklad!A2:A6) -> 1.1701586
A4: C | B4: 2 | C4: =B4/SUM($B$2:$B$5) -> 0.25 | D4: =IF(C4=0,0,-C4*LOG(C4,2)) -> 0.5 | I4: Korigovaná šikmost: SKEW | J4: =SKEW(Priklad!A2:A6) -> 1.7443695
A5: D | B5: 0 | C5: =B5/SUM($B$2:$B$5) -> 0 | D5: =IF(C5=0,0,-C5*LOG(C5,2)) -> 0 | I5: Základní exces: výpočet | J5: =AVERAGE(Priklad!G2:G6)/(Priklad!J14^2)-3 -> -0.16942149
I6: Korigovaný exces: KURT | J6: =KURT(Priklad!A2:A6) -> 3.322314
A7: Entropie celkem (bity) | D7: =SUM(D2:D5) -> 1.5
A10: Nepovinné rozšíření. Entropie vlevo popisuje strategie učení; koeficienty vpravo časy na listu Priklad.
A12: Četnosti musí být nezáporné a celkový počet kladný. Nulová četnost má nulový příspěvek.
A14: SKEW.P a SKEW používají různé konvence. KURT vrací korigovaný exces, nikoli špičatost před odečtením tří.

Sheet Kontrola_prikladu
A1: Doby pro kvantily (min) | C1: Doby pro ořezání (min) | E1: Skóry pro krabicový graf (body) | G1: Ukazatel | H1: Výsledek
A2: =Kvantily!A2 -> 4 | C2: =Orezani!A2 -> 2 | E2: =Boxplot!A2 -> 2 | G2: 17. percentil jedenácti dob (min) | H2: =_xlfn.PERCENTILE.INC(A2:A12,0.17) -> 6.4
A3: =Kvantily!A3 -> 5 | C3: =Orezani!A3 -> 3 | E3: =Boxplot!A3 -> 5 | G3: Průměr deseti dob (min) | H3: =AVERAGE(C2:C11) -> 8
A4: =Kvantily!A4 -> 7 | C4: =Orezani!A4 -> 4 | E4: =Boxplot!A4 -> 15 | G4: Medián deseti dob (min) | H4: =MEDIAN(C2:C11) -> 5.5
A5: =Kvantily!A5 -> 8 | C5: =Orezani!A5 -> 5 | E5: =Boxplot!A5 -> 25 | G5: 1. kvartil skórů (body) | H5: =_xlfn.PERCENTILE.INC(E2:E42,0.25) -> 40
A6: =Kvantily!A6 -> 9 | C6: =Orezani!A6 -> 5 | E6: =Boxplot!A6 -> 30 | G6: Medián skórů (body) | H6: =MEDIAN(E2:E42) -> 50
A7: =Kvantily!A7 -> 10 | C7: =Orezani!A7 -> 6 | E7: =Boxplot!A7 -> 32 | G7: 3. kvartil skórů (body) | H7: =_xlfn.PERCENTILE.INC(E2:E42,0.75) -> 60
A8: =Kvantily!A8 -> 12 | C8: =Orezani!A8 -> 7 | E8: =Boxplot!A8 -> 34 | G8: Mezikvartilové rozpětí skórů (body) | H8: =H7-H5 -> 20
A9: =Kvantily!A9 -> 13 | C9: =Orezani!A9 -> 8 | E9: =Boxplot!A9 -> 36
A10: =Kvantily!A10 -> 15 | C10: =Orezani!A10 -> 9 | E10: =Boxplot!A10 -> 38 | G10: Kontrola příkladů. Vstupy měňte na listech Kvantily, Orezani a Boxplot.
A11: =Kvantily!A11 -> 18 | C11: =Orezani!A11 -> 31 | E11: =Boxplot!A11 -> 40
A12: =Kvantily!A12 -> 22 | E12: =Boxplot!A12 -> 40 | G12: Ořezání a winsorizaci proveďte podle výkladu ručně; sešit je záměrně nepočítá.
E13: =Boxplot!A13 -> 42
E14: =Boxplot!A14 -> 44
E15: =Boxplot!A15 -> 44
E16: =Boxplot!A16 -> 46
E17: =Boxplot!A17 -> 46
E18: =Boxplot!A18 -> 48
E19: =Boxplot!A19 -> 48
E20: =Boxplot!A20 -> 49
E21: =Boxplot!A21 -> 50
E22: =Boxplot!A22 -> 50
E23: =Boxplot!A23 -> 50
E24: =Boxplot!A24 -> 51
... E42: =Boxplot!A42 -> 98

Sheet Data
A1: id | B1: spanek_h | C1: slova | D1: cast_dne | E1: odpocatost | G1: Modelová data z kapitoly o četnostech. Nejde o skutečný výzkum.
A2: P01 | B2: 6 | C2: 5 | D2: dopoledne | E2: 2
A3: P02 | B3: 8 | C3: 9 | D3: odpoledne | E3: 4 | G3: Jeden řádek = jeden účastník při jedné návštěvě.
A4: P03 | B4: 7 | C4: 8 | D4: dopoledne | E4: 3
A5: P04 | B5: 5 | C5: 6 | D5: odpoledne | E5: 2 | G5: spanek_h: spánek předchozí noci v hodinách. P05, P11 a P24 údaj neuvedli.
A6: P05 | C6: 7 | D6: dopoledne | E6: 3
A7: P06 | B7: 7 | C7: 0 | D7: odpoledne | E7: 1 | G7: slova: počet správně vybavených slov z dvanácti. Platné hodnoty 0 až 12.
A8: P07 | B8: 4.5 | C8: 2 | D8: odpoledne | E8: 1
A9: P08 | B9: 6.3 | C9: 7 | D9: dopoledne | E9: 3 | G9: cast_dne: dopoledne před 12:00, odpoledne od 12:00.
A10: P09 | B10: 7.3 | C10: 9 | D10: dopoledne | E10: 4
A11: P10 | B11: 8.1 | C11: 4 | D11: odpoledne | E11: 2 | G11: odpocatost: 1 = vůbec, 2 = trochu, 3 = dost, 4 = zcela.
A12: P11 | C12: 7 | D12: dopoledne | E12: 3
A13: P12 | B13: 6 | C13: 10 | D13: dopoledne | E13: 2 | G13: Úplné vymezení proměnných a postupu najdete v kapitole o četnostech.
A14: P13 | B14: 7.1 | C14: 5 | D14: odpoledne | E14: 3
A15: P14 | B15: 7.9 | C15: 8 | D15: dopoledne | E15: 1
A16: P15 | B16: 9.2 | C16: 11 | D16: dopoledne | E16: 3
A17: P16 | B17: 5.5 | C17: 6 | D17: odpoledne | E17: 4
A18: P17 | B18: 6.8 | C18: 8 | D18: dopoledne | E18: 2
A19: P18 | B19: 7.5 | C19: 3 | D19: dopoledne | E19: 4
A20: P19 | B20: 8.8 | C20: 7 | D20: odpoledne | E20: 2
A21: P20 | B21: 4.8 | C21: 9 | D21: dopoledne | E21: 3
A22: P21 | B22: 6.5 | C22: 5 | D22: dopoledne | E22: 1
A23: P22 | B23: 7.4 | C23: 7 | D23: odpoledne | E23: 3
A24: P23 | B24: 8.3 | C24: 10 | D24: dopoledne | E24: 4
A25: P24 | C25: 6 | D25: dopoledne | E25: 3
A26: P25 | B26: 6.2 | C26: 8 | D26: odpoledne | E26: 4
A27: P26 | B27: 7.2 | C27: 12 | D27: dopoledne | E27: 2
A28: P27 | B28: 8 | C28: 6 | D28: dopoledne | E28: 3
A29: P28 | B29: 9.5 | C29: 9 | D29: odpoledne | E29: 2
A30: P29 | B30: 5.8 | C30: 4 | D30: dopoledne | E30: 3
A31: P30 | B31: 7 | C31: 7 | D31: dopoledne | E31: 4
A32: P31 | B32: 7.7 | C32: 10 | D32: odpoledne | E32: 3
A33: P32 | B33: 9 | C33: 5 | D33: dopoledne | E33: 4
A34: P33 | B34: 5.2 | C34: 8 | D34: dopoledne | E34: 2
A35: P34 | B35: 6.5 | C35: 11 | D35: odpoledne | E35: 3
A36: P35 | B36: 7.5 | C36: 6 | D36: dopoledne | E36: 2
A37: P36 | B37: 8.5 | C37: 8 | D37: dopoledne | E37: 3

Sheet Zaklad_data
A1: Doba (min) | C1: Použití a původ
A2: 4 | C2: Střed, odchylky, percentilové pořadí
A3: 5
A4: 5 | C4: Samostatné vstupy k procvičení. Hotové výpočty jsou na listu Priklad. Varianta: nahraďte 10 hodnotou 30.
A5: 6
A6: 10

Sheet Stejny_prumer
A1: Soubor A (min) | B1: Soubor B (min) | D1: Použití a původ
A2: 5 | B2: 2 | D2: Obrázek: stejný průměr, různá variabilita
A3: 6 | B3: 4
A4: 6 | B4: 6 | D4: Autorské ilustrační údaje. Nejde o skutečný výzkum.
A5: 6 | B5: 8
A6: 7 | B6: 10

Sheet Dva_mody
A1: Hodnota | C1: Použití a původ
A2: 4 | C2: Výklad modu
A3: 4
A4: 6 | C4: Autorské ilustrační údaje. Nejde o skutečný výzkum.
A5: 6
A6: 9

Sheet Sudy_median
A1: Doba (min) | C1: Použití a původ
A2: 4 | C2: Výklad mediánu
A3: 5
A4: 6 | C4: Autorské ilustrační údaje. Nejde o skutečný výzkum.
A5: 10

Sheet Percentil_ctyri
A1: Hodnota | C1: Použití a původ
A2: 1 | C2: Výklad: 30. percentil a podíl pozorování
A3: 2
A4: 3 | C4: Autorské ilustrační údaje. Nejde o skutečný výzkum.
A5: 4

Sheet Transformace
A1: Původní skór | C1: Použití a původ
A2: 2 | C2: Výklad a obrázek: lineární a nelineární převod
A3: 3
A4: 8 | C4: Porovnejte pravidla y = 2 + 3x a y = x². Další příklad obrácení škály 0–10 používá y = 10 − x.
A5: 9

Sheet Ordinalni_kvantily
A1: Kategorie | B1: Četnost | C1: Běžný kód | D1: Alternativní kód | F1: Použití a původ
A2: Vůbec | B2: 1 | C2: 1 | D2: 1 | F2: Výklad: kvantil odpočatosti
A3: Trochu | B3: 2 | C3: 2 | D3: 2
A4: Dost | B4: 2 | C4: 3 | D4: 10 | F4: Stejných šest odpovědí při dvou kódováních. Kódy zachovávají pořadí, nikoli měřené vzdálenosti.
A5: Zcela | B5: 1 | C5: 4 | D5: 100

Sheet Vazeny_prumer
A1: Skupina | B1: Počet lidí | C1: Průměrná doba (min) | E1: Použití a původ
A2: A | B2: 10 | C2: 4 | E2: Výklad: spojení skupin
A3: B | B3: 30 | C3: 8
E4: Zadány jsou pouze velikosti skupin a průměry. Jednotlivé časy nejsou známy.

Sheet Vyjimky_stredu
A1: Počet pokusů (A) | B1: Četnost A | C1: Počet chyb (B) | D1: Četnost B | F1: Použití a původ
A2: 1 | B2: 38 | C2: 0 | D2: 8 | F2: Obrázek: výjimky z pořadí ukazatelů středu
A3: 2 | B3: 49 | C3: 1 | D3: 7
A4: 3 | B4: 8 | C4: 2 | D4: 3 | F4: Autorské modelové četnosti: A 100 lidí, B 20 lidí. Řádek je hodnota s četností, nikoli jeden účastník.
A5: 4 | B5: 3 | C5: 3 | D5: 1
A6: 5 | B6: 2 | C6: 4 | D6: 1

Sheet Kvantily
A1: Doba (min) | C1: Použití a původ
A2: 4 | C2: Výklad interpolace; cvičení 3 (druhá část)
A3: 5
A4: 7 | C4: Autorské ilustrační údaje. Nejde o skutečný výzkum.
A5: 8
A6: 9
A7: 10
A8: 12
A9: 13
A10: 15
A11: 18
A12: 22

Sheet Orezani
A1: Doba (min) | C1: Použití a původ
A2: 2 | C2: Výklad: 10 %; cvičení 8: 20 % na každém konci
A3: 3
A4: 4 | C4: Autorské ilustrační údaje. Nejde o skutečný výzkum.
A5: 5
A6: 5
A7: 6
A8: 7
A9: 8
A10: 9
A11: 31

Sheet Boxplot
A1: Skór (body) | C1: Použití a původ
A2: 2 | C2: Výklad: krabicový graf
A3: 5
A4: 15 | C4: Autorské ilustrační údaje. Nejde o skutečný výzkum.
A5: 25
A6: 30
A7: 32
A8: 34
A9: 36
A10: 38
A11: 40
A12: 40
A13: 42
A14: 44
A15: 44
A16: 46
... A42: 98

Sheet Populace
A1: Doba (min) | C1: Použití a původ
A2: 2 | C2: Simulace korekce rozptylu
A3: 4
A4: 6 | C4: Známá modelová populace. Nezávislé výběry s vracením: velikosti 5, 20 a 100; po 20 000 opakováních. Graf shrnuje simulaci, nikoli další měření lidí.
A5: 8
A6: 10

Sheet Spicatost
A1: Skór | B1: Četnost vlevo | C1: Četnost vpravo | E1: Použití a původ
A2: -3 | B2: 0 | C2: 1 | E2: Obrázek: stejný vrchol; nepovinné cvičení 15
A3: -1 | B3: 10 | C3: 9
A4: 0 | B4: 80 | C4: 80 | E4: Autorské ilustrační údaje. Nejde o skutečný výzkum.
A5: 1 | B5: 10 | C5: 9
A6: 3 | B6: 0 | C6: 1

Sheet U01_stred
A1: Doba (min) | C1: Použití a původ
A2: 3 | C2: Cvičení 1
A3: 4
A4: 4 | C4: Autorské ilustrační údaje. Nejde o skutečný výzkum.
A5: 5
A6: 6
A7: 20

Sheet U02_skupiny
A1: Skupina | B1: Počet lidí | C1: Průměr (slova) | E1: Použití a původ
A2: A | B2: 8 | C2: 6 | E2: Cvičení 2
A3: B | B3: 12 | C3: 9
E4: Alternativní otázka: co kdyby údaje 6 a 9 byly pouze mediány? Individuální výkony nejsou zadány.

Sheet U03_kvantily
A1: Skór (body) | C1: Použití a původ
A2: 1 | C2: Cvičení 3 (první část)
A3: 1
A4: 1 | C4: Autorské ilustrační údaje. Nejde o skutečný výzkum.
A5: 3
A6: 4
A7: 8

Sheet U04_kategorie
A1: Odpočatost | B1: Kód | D1: Použití a původ
A2: Vůbec | B2: 1 | D2: Cvičení 4
A3: Trochu | B3: 2
A4: Dost | B4: 3 | D4: Autorské ilustrační údaje. Nejde o skutečný výzkum.
A5: Zcela | B5: 4

Sheet U05_variabilita
A1: Doba (min) | C1: Použití a původ
A2: 2 | C2: Cvičení 5
A3: 4
A4: 6 | C4: Autorské ilustrační údaje. Nejde o skutečný výzkum.

Sheet U06_simulace
A1: Veličina | B1: Hodnota | C1: Jednotka | E1: Použití a původ
A2: Rozptyl populace | B2: 8 | C2: min² | E2: Cvičení 6: zadané souhrny
A3: Velikost výběru | B3: 5 | C3: pozorování
A4: Průměr rozptylů s dělením n | B4: 6.41 | C4: min² | E4: Zaokrouhlené souhrny simulace ze zadání. Nejde o jednotlivá pozorování.
A5: Průměr rozptylů s dělením n−1 | B5: 8.01 | C5: min²

Sheet U07_MedAD
A1: Doba (min) | C1: Použití a původ
A2: 2 | C2: Cvičení 7
A3: 3
A4: 4 | C4: Autorské údaje. Ve druhé části nahraďte poslední hodnotu 100 minutami.
A5: 5
A6: 16

Sheet U09_boxplot
A1: Doba (min) | C1: Použití a původ
A2: 1 | C2: Cvičení 9
A3: 2
A4: 2 | C4: Autorské ilustrační údaje. Nejde o skutečný výzkum.
A5: 3
A6: 4
A7: 5
A8: 6
A9: 15

Sheet U10_transformace
A1: Vstup | B1: Hodnota | C1: Jednotka | E1: Použití a původ
A2: Průměr | B2: 4 | C2: min | E2: Cvičení 10
A3: Směrodatná odchylka | B3: 1.5 | C3: min
A4: Medián | B4: 3.5 | C4: min | E4: Zadány jsou souhrny, nikoli jednotlivé doby.
A5: Přičítaný čas | B5: 2 | C5: min
A6: Sekund za minutu | B6: 60 | C6: s/min

Sheet U11_strategie
A1: Strategie | B1: Skupina A | C1: Skupina B | E1: Použití a původ
A2: A | B2: 20 | C2: 5 | E2: Cvičení 11
A3: B | B3: 0 | C3: 5
A4: C | B4: 0 | C4: 5 | E4: Autorské ilustrační údaje. Nejde o skutečný výzkum.
A5: D | B5: 0 | C5: 5

Sheet Entropie_data
A1: Kategorie | B1: Četnost | D1: Použití a původ
A2: A | B2: 4 | D2: Výklad; nepovinné cvičení 14
A3: B | B3: 2
A4: C | B4: 2 | D4: Výchozí tři kategorie A–C; D je rozšíření s nulovou četností. Další varianta: 8, 0, 0, 0.
A5: D | B5: 0

Sheet U15_sikmost
A1: Skór (body) | B1: Četnost | D1: Použití a původ
A2: -2 | B2: 4 | D2: Nepovinné cvičení 15
A3: -1 | B3: 5
A4: 1 | B4: 10 | D4: Autorské ilustrační údaje. Nejde o skutečný výzkum.
A5: 3 | B5: 1
