Workbook

Sheet Prehled
A1: Data ke kapitole 2
A3: Začněte vstupy. Žluté buňky obsahují data; modré buňky na výpočtových listech vzorce.
A4: Zadání a vysvětlení jsou v kapitole. Řešení otevírejte až po vlastním pokusu.
A5: Slovní úlohy bez konkrétních pozorování nevyžadují vlastní datový list.
A6: Hladké modelové křivky jsou modely, nikoli další soubory naměřených hodnot.
A7: List | B7: Oblast vstupů / tabulky | C7: Příklad nebo cvičení
A8: Sest_osob | B8: A2:E7 | C8: Úvodní příklad, jmenovatel procent
A9: Strategie | B9: A2:B4 | C9: Výsečový a sloupcový graf
A10: Tvary | B10: A2:G10 | C10: Obrázek: šest tvarů rozdělení
A11: Podlaha_strop | B11: A2:C14 | C11: Obrázek: meze nástroje
A12: Stonek | B12: A2:A9 | C12: Výklad: stonek a list
A13: U01_odpocatost | B13: A2:A13 | C13: Cvičení 1 a 2
A14: U03_chybeni | B14: A2:B4 | C14: Cvičení 3a
A15: U03_ruseni | B15: A2:C4 | C15: Cvičení 3b
A16: U04_chyby | B16: A2:A11 | C16: Cvičení 4
A17: U05_spanek | B17: A2:A9 | C17: Cvičení 5
A18: U08_stonek | B18: A2:B4 | C18: Cvičení 8: zadání k rekonstrukci
... A22: Histogram | B22: A4:E10 | C22: Hotové intervalové četnosti a histogram

Sheet Cetnosti
A1: Odpočatost před úlohou
B2: Platné odpovědi n | C2: =COUNT(Data!E2:E37) -> 36
A4: Kód | B4: Odpočatost | C4: Četnost | D4: Podíl | E4: Procenta | F4: Kumul. počet | G4: Kumul. podíl | H4: Kumul. %
A5: 1 | B5: Vůbec | C5: =COUNTIFS(Data!$E$2:$E$37,A5) -> 4 | D5: =C5/$C$2 -> 0.11111111 | E5: =D5 -> 0.11111111 | F5: =SUM($C$5:C5) -> 4 | G5: =F5/$C$2 -> 0.11111111 | H5: =G5 -> 0.11111111
A6: 2 | B6: Trochu | C6: =COUNTIFS(Data!$E$2:$E$37,A6) -> 10 | D6: =C6/$C$2 -> 0.27777778 | E6: =D6 -> 0.27777778 | F6: =SUM($C$5:C6) -> 14 | G6: =F6/$C$2 -> 0.38888889 | H6: =G6 -> 0.38888889
A7: 3 | B7: Dost | C7: =COUNTIFS(Data!$E$2:$E$37,A7) -> 14 | D7: =C7/$C$2 -> 0.38888889 | E7: =D7 -> 0.38888889 | F7: =SUM($C$5:C7) -> 28 | G7: =F7/$C$2 -> 0.77777778 | H7: =G7 -> 0.77777778
A8: 4 | B8: Zcela | C8: =COUNTIFS(Data!$E$2:$E$37,A8) -> 8 | D8: =C8/$C$2 -> 0.22222222 | E8: =D8 -> 0.22222222 | F8: =SUM($C$5:C8) -> 36 | G8: =F8/$C$2 -> 1 | H8: =G8 -> 1
B10: Celkem | C10: =SUM(C5:C8) -> 36 | D10: =SUM(D5:D8) -> 1 | E10: =D10 -> 1
A12: Počítáme 36 modelových účastníků. Odpočatost má čtyři uspořádané kategorie.
A13: Podíly se počítají z nezkrácených hodnot. Kumulativní sloupce už nesčítáme.
A15: Zkuste změnit Data!E2 z 2 na 3 a sledujte tabulku i graf. Potom obnovte 2.

Sheet Histogram
A1: Doba spánku: intervalové četnosti
B2: Platné údaje n | C2: =COUNT(Data!B2:B37) -> 33
A4: Dolní mez | B4: Horní mez | C4: Interval (h) | D4: Četnost | E4: Podíl | F4: Procenta
A5: 4 | B5: 5 | C5: > 4 až 5 | D5: =COUNTIFS(Data!$B$2:$B$37,">"&A5,Data!$B$2:$B$37,"<="&B5) -> 3 | E5: =D5/$C$2 -> 0.090909091 | F5: =E5 -> 0.090909091
A6: 5 | B6: 6 | C6: > 5 až 6 | D6: =COUNTIFS(Data!$B$2:$B$37,">"&A6,Data!$B$2:$B$37,"<="&B6) -> 5 | E6: =D6/$C$2 -> 0.15151515 | F6: =E6 -> 0.15151515
A7: 6 | B7: 7 | C7: > 6 až 7 | D7: =COUNTIFS(Data!$B$2:$B$37,">"&A7,Data!$B$2:$B$37,"<="&B7) -> 8 | E7: =D7/$C$2 -> 0.24242424 | F7: =E7 -> 0.24242424
A8: 7 | B8: 8 | C8: > 7 až 8 | D8: =COUNTIFS(Data!$B$2:$B$37,">"&A8,Data!$B$2:$B$37,"<="&B8) -> 10 | E8: =D8/$C$2 -> 0.3030303 | F8: =E8 -> 0.3030303
A9: 8 | B9: 9 | C9: > 8 až 9 | D9: =COUNTIFS(Data!$B$2:$B$37,">"&A9,Data!$B$2:$B$37,"<="&B9) -> 5 | E9: =D9/$C$2 -> 0.15151515 | F9: =E9 -> 0.15151515
A10: 9 | B10: 10 | C10: > 9 až 10 | D10: =COUNTIFS(Data!$B$2:$B$37,">"&A10,Data!$B$2:$B$37,"<="&B10) -> 2 | E10: =D10/$C$2 -> 0.060606061 | F10: =E10 -> 0.060606061
C12: Celkem | D12: =SUM(D5:D10) -> 33 | E12: =SUM(E5:E10) -> 1 | F12: =E12 -> 1
A14: Dolní mez nepatří do intervalu, horní ano. Intervaly mají šířku 1 hodina.
A15: Tři z 36 účastníků spánek neuvedli. Prázdná buňka neznamená 0 hodin.
A17: Zkuste změnit Data!B2 z 6 na 7. Po ověření přesunu obnovte hodnotu 6.
A18: Při rozšíření dat upravte oblasti ve vzorcích a pokrytí intervaly.

Sheet Data
A1: id | B1: spanek_h | C1: slova | D1: cast_dne | E1: odpocatost | G1: Modelová data vytvořená pro výuku; nejde o skutečný výzkum.
A2: P01 | B2: 6 | C2: 5 | D2: dopoledne | E2: 2
A3: P02 | B3: 8 | C3: 9 | D3: odpoledne | E3: 4 | G3: Jeden řádek = jeden účastník při jedné návštěvě. Všichni plní úlohu v tichu.
A4: P03 | B4: 7 | C4: 8 | D4: dopoledne | E4: 3 | G4: spanek_h: odhad skutečného spánku předchozí noci v hodinách (0 až 24).
A5: P04 | B5: 5 | C5: 6 | D5: odpoledne | E5: 2 | G5: Prázdná buňka znamená neuvedený spánek (P05, P11, P24).
A6: P05 | C6: 7 | D6: dopoledne | E6: 3 | G6: slova: počet různých správně vybavených slov z 12; jedna minuta na čtení
A7: P06 | B7: 7 | C7: 0 | D7: odpoledne | E7: 1 | G7: a jedna na vybavení. Nula je platný výsledek, nikoli chybějící údaj.
A8: P07 | B8: 4.5 | C8: 2 | D8: odpoledne | E8: 1 | G8: cast_dne: dopoledne před 12:00, odpoledne od 12:00.
A9: P08 | B9: 6.3 | C9: 7 | D9: dopoledne | E9: 3 | G9: odpocatost: Jak odpočatě se právě cítíte? Odpověď před úlohou.
A10: P09 | B10: 7.3 | C10: 9 | D10: dopoledne | E10: 4 | G10: 1 = vůbec, 2 = trochu, 3 = dost, 4 = zcela.
A11: P10 | B11: 8.1 | C11: 4 | D11: odpoledne | E11: 2 | G11: Změny čísel v původních 36 řádcích se promítnou do tabulek a grafů.
A12: P11 | C12: 7 | D12: dopoledne | E12: 3 | G12: Při přidání dalších řádků je potřeba rozšířit oblasti ve vzorcích.
A13: P12 | B13: 6 | C13: 10 | D13: dopoledne | E13: 2
A14: P13 | B14: 7.1 | C14: 5 | D14: odpoledne | E14: 3
A15: P14 | B15: 7.9 | C15: 8 | D15: dopoledne | E15: 1
A16: P15 | B16: 9.2 | C16: 11 | D16: dopoledne | E16: 3
A17: P16 | B17: 5.5 | C17: 6 | D17: odpoledne | E17: 4
A18: P17 | B18: 6.8 | C18: 8 | D18: dopoledne | E18: 2
A19: P18 | B19: 7.5 | C19: 3 | D19: dopoledne | E19: 4
A20: P19 | B20: 8.8 | C20: 7 | D20: odpoledne | E20: 2
A21: P20 | B21: 4.8 | C21: 9 | D21: dopoledne | E21: 3
A22: P21 | B22: 6.5 | C22: 5 | D22: dopoledne | E22: 1
A23: P22 | B23: 7.4 | C23: 7 | D23: odpoledne | E23: 3
A24: P23 | B24: 8.3 | C24: 10 | D24: dopoledne | E24: 4
A25: P24 | C25: 6 | D25: dopoledne | E25: 3
A26: P25 | B26: 6.2 | C26: 8 | D26: odpoledne | E26: 4
A27: P26 | B27: 7.2 | C27: 12 | D27: dopoledne | E27: 2
A28: P27 | B28: 8 | C28: 6 | D28: dopoledne | E28: 3
A29: P28 | B29: 9.5 | C29: 9 | D29: odpoledne | E29: 2
A30: P29 | B30: 5.8 | C30: 4 | D30: dopoledne | E30: 3
A31: P30 | B31: 7 | C31: 7 | D31: dopoledne | E31: 4
A32: P31 | B32: 7.7 | C32: 10 | D32: odpoledne | E32: 3
A33: P32 | B33: 9 | C33: 5 | D33: dopoledne | E33: 4
A34: P33 | B34: 5.2 | C34: 8 | D34: dopoledne | E34: 2
A35: P34 | B35: 6.5 | C35: 11 | D35: odpoledne | E35: 3
A36: P35 | B36: 7.5 | C36: 6 | D36: dopoledne | E36: 2
A37: P36 | B37: 8.5 | C37: 8 | D37: dopoledne | E37: 3

Sheet Sest_osob
A1: id | B1: spanek_h | C1: slova | D1: cast_dne | E1: odpocatost | G1: Použití a původ
A2: P01 | B2: 6 | C2: 5 | D2: dopoledne | E2: 2 | G2: Úvodní příklad, jmenovatel procent
A3: P02 | B3: 8 | C3: 9 | D3: odpoledne | E3: 4
A4: P03 | B4: 7 | C4: 8 | D4: dopoledne | E4: 3 | G4: Autorské ilustrační údaje. Nejde o skutečný výzkum.
A5: P04 | B5: 5 | C5: 6 | D5: odpoledne | E5: 2
A6: P05 | C6: 7 | D6: dopoledne | E6: 3
A7: P06 | B7: 7 | C7: 0 | D7: odpoledne | E7: 1

Sheet Strategie
A1: Strategie | B1: Četnost | D1: Použití a původ
A2: Procvičování | B2: 14 | D2: Výsečový a sloupcový graf
A3: Čtení | B3: 12
A4: Vysvětlování | B4: 10 | D4: Autorské ilustrační údaje. Nejde o skutečný výzkum.

Sheet Tvary
A1: Hodnota | B1: Souměrnost | C1: Šikmost doprava | D1: Šikmost doleva | E1: Dva vrcholy | F1: Rovnoměrnost | G1: Odlehlost | I1: Použití a původ
A2: 1 | B2: 1 | C2: 1 | D2: 1 | E2: 1 | F2: 4 | G2: 1 | I2: Obrázek: šest tvarů rozdělení
A3: 2 | B3: 2 | C3: 3 | D3: 1 | E3: 6 | F3: 4 | G3: 3
A4: 3 | B4: 4 | C4: 10 | D4: 2 | E4: 10 | F4: 4 | G4: 8 | I4: Autorské schematické četnosti. Sloupce představují šest různých rozdělení, nikoli spárovaná měření lidí.
A5: 4 | B5: 7 | C5: 8 | D5: 3 | E5: 4 | F5: 4 | G5: 9
A6: 5 | B6: 10 | C6: 5 | D6: 5 | E6: 1 | F6: 4 | G6: 4
A7: 6 | B7: 7 | C7: 3 | D7: 8 | E7: 4 | F7: 4 | G7: 1
A8: 7 | B8: 4 | C8: 2 | D8: 10 | E8: 10 | F8: 4 | G8: 0
A9: 8 | B9: 2 | C9: 1 | D9: 3 | E9: 6 | F9: 4 | G9: 0
A10: 9 | B10: 1 | C10: 1 | D10: 1 | E10: 1 | F10: 4 | G10: 1

Sheet Podlaha_strop
A1: Počet správných odpovědí | B1: Podlaha: četnost | C1: Strop: četnost | E1: Použití a původ
A2: 0 | B2: 15 | C2: 0 | E2: Obrázek: meze nástroje
A3: 1 | B3: 7 | C3: 0
A4: 2 | B4: 4 | C4: 0 | E4: Autorské ilustrační údaje. Nejde o skutečný výzkum.
A5: 3 | B5: 3 | C5: 1
A6: 4 | B6: 2 | C6: 1
A7: 5 | B7: 1 | C7: 1
A8: 6 | B8: 1 | C8: 1
A9: 7 | B9: 1 | C9: 1
A10: 8 | B10: 1 | C10: 2
A11: 9 | B11: 1 | C11: 3
A12: 10 | B12: 0 | C12: 4
A13: 11 | B13: 0 | C13: 7
A14: 12 | B14: 0 | C14: 15

Sheet Stonek
A1: Doba (s) | C1: Použití a původ
A2: 12 | C2: Výklad: stonek a list
A3: 14
A4: 14 | C4: Autorské ilustrační údaje. Nejde o skutečný výzkum.
A5: 18
A6: 21
A7: 23
A8: 27
A9: 31

Sheet U01_odpocatost
A1: Odpočatost (kód 1–4) | C1: Použití a původ
A2: 2 | C2: Cvičení 1 a 2
A3: 3
A4: 2 | C4: Autorské údaje. 1 vůbec, 2 trochu, 3 dost, 4 zcela.
A5: 1
A6: 4
A7: 3
A8: 2
A9: 3
A10: 4
A11: 2
A12: 3
A13: 2

Sheet U03_chybeni
A1: Odpověď | B1: Četnost | D1: Použití a původ
A2: Ano | B2: 9 | D2: Cvičení 3a
A3: Ne | B3: 11
A4: Chybí | B4: 5 | D4: Zadáno 25 oslovených; 20 odpovědělo. Četnosti, nikoli jednotliví lidé.

Sheet U03_ruseni
A1: Možnost | B1: Počet označení | C1: Počet odpovídajících | E1: Použití a původ
A2: Hluk | B2: 12 | C2: 20 | E2: Cvičení 3b
A3: Telefon | B3: 14 | C3: 20
A4: Únava | B4: 6 | C4: 20 | E4: Bylo možné označit více možností. Překryvy mezi lidmi nejsou zadány.

Sheet U04_chyby
A1: Počet chyb | C1: Použití a původ
A2: 0 | C2: Cvičení 4
A3: 1
A4: 1 | C4: Autorské ilustrační údaje. Nejde o skutečný výzkum.
A5: 2
A6: 2
A7: 2
A8: 3
A9: 4
A10: 4
A11: 5

Sheet U05_spanek
A1: Spánek (h) | C1: Použití a původ
A2: 5 | C2: Cvičení 5
A3: 5.5
A4: 6 | C4: Intervaly: více než 4 až 5 včetně, více než 5 až 6 včetně, více než 6 až 7 včetně, více než 7 až 8 včetně.
A5: 6
A6: 6.5
A7: 7
A8: 7.5
A9: 8

Sheet U08_stonek
A1: Stonek | B1: Listy | D1: Použití a původ
A2: 2 | B2: 1 3 3 8 | D2: Cvičení 8: zadání k rekonstrukci
A3: 3 | B3: 0 5
A4: 4 | B4: 2 | D4: Klíč: 2 | 3 znamená 23 sekund. Sloupec Listy je záměrně textový zápis zadání, nikoli hotové řešení.

Sheet Podpora
A1: Skupina | B1: Ano | C1: Celkem | E1: Použití a původ
A2: A | B2: 30 | C2: 40 | E2: Zavádějící graf; cvičení 9
A3: B | B3: 32 | C3: 80
E4: Autorské ilustrační údaje. Nejde o skutečný výzkum.
