Workbook

Sheet Prehled
A1: Data ke kapitole 8
A3: Začněte vstupy. Žluté buňky obsahují data; modré buňky na výpočtových listech vzorce.
A4: Zadání a vysvětlení jsou v kapitole. Řešení otevírejte až po vlastním pokusu.
A5: Slovní úlohy 1, 4, 8, 11 a 12 nevyžadují vlastní datový list.
A6: Prázdná buňka ve vstupech znamená chybějící hodnotu; hodnoty ve stejném řádku k sobě patří jen u párových dat.
A7: List | B7: Oblast vstupů / tabulky | C7: Příklad nebo cvičení
A8: Spanek_par | B8: A2:C14 | C8: Výklad: párová data, neúplná dvojice a párový t-test
A9: Spanek_skupiny | B9: A2:B31 | C9: Výklad: dvě nezávislé skupiny, klasický a Welchův t-test
A10: Parkovani | B10: A2:C4 | C10: Výklad: klasický t-test, interval a Cohenovo d
A11: Anorexie | B11: A2:B7 | C11: Výklad: měření před a po bez kontrolní skupiny; volba směrodatné odchylky pro d
A12: Vedle_sebe | B12: A2:C4 | C12: Výklad: intervaly dvou skupin a interval rozdílu
A13: Trenink | B13: A2:D33 | C13: Výklad: změna ve dvou skupinách
A14: Ekv_studie | B14: A2:E3 | C14: Výklad: ekvivalence online a papírové verze testu
A15: U02_relaxace | B15: A2:B4 | C15: Cvičení 2
A16: U03_stroop | B16: A2:C16 | C16: Cvičení 3
A17: U05_hrozba | B17: A2:C4 | C17: Cvičení 5, 13 a 14
A18: U06_hudba | B18: A2:B26 | C18: Cvičení 6
... A26: Ekvivalence_skupin | B26: A1:B27 | C26: Hotový test rozdílu a test ekvivalence dvou skupin; B23:B27 nepovinně

Sheet Parovy_test
A1: Párový t-test | B1: Hodnota | F1: Student (ID) | G1: Běžný spánek, úplná dvojice | H1: Krátký spánek, úplná dvojice | I1: Rozdíl běžný − krátký
A2: Počet úplných dvojic n | B2: =COUNT(I2:I14) -> 12 | D2: Data jsou na listu Spanek_par. | F2: =Spanek_par!A2 -> 1 | G2: =IF(AND(ISNUMBER(Spanek_par!B2),ISNUMBER(Spanek_par!C2)),Spanek_par!B2,"") -> 58 | H2: =IF(AND(ISNUMBER(Spanek_par!B2),ISNUMBER(Spanek_par!C2)),Spanek_par!C2,"") -> 53 | I2: =IF(G2="","",G2-H2) -> 5
A3: Průměrný rozdíl m_D | B3: =AVERAGE(I2:I14) -> 3.5 | D3: Neúplná dvojice zůstává prázdná ve svém řádku. | F3: =Spanek_par!A3 -> 2 | G3: =IF(AND(ISNUMBER(Spanek_par!B3),ISNUMBER(Spanek_par!C3)),Spanek_par!B3,"") -> 44 | H3: =IF(AND(ISNUMBER(Spanek_par!B3),ISNUMBER(Spanek_par!C3)),Spanek_par!C3,"") -> 42 | I3: =IF(G3="","",G3-H3) -> 2
A4: Směrodatná odchylka rozdílů s_D | B4: =_xlfn.STDEV.S(I2:I14) -> 2.3931721 | F4: =Spanek_par!A4 -> 3 | G4: =IF(AND(ISNUMBER(Spanek_par!B4),ISNUMBER(Spanek_par!C4)),Spanek_par!B4,"") -> 51 | H4: =IF(AND(ISNUMBER(Spanek_par!B4),ISNUMBER(Spanek_par!C4)),Spanek_par!C4,"") -> 45 | I4: =IF(G4="","",G4-H4) -> 6
A5: Hladina spolehlivosti | B5: 0.95 | D5: Žlutě: vstupy. Modře: výpočty. | F5: =Spanek_par!A5 -> 4 | G5: =IF(AND(ISNUMBER(Spanek_par!B5),ISNUMBER(Spanek_par!C5)),Spanek_par!B5,"") -> 39 | H5: =IF(AND(ISNUMBER(Spanek_par!B5),ISNUMBER(Spanek_par!C5)),Spanek_par!C5,"") -> 38 | I5: =IF(G5="","",G5-H5) -> 1
F6: =Spanek_par!A6 -> 5 | G6: =IF(AND(ISNUMBER(Spanek_par!B6),ISNUMBER(Spanek_par!C6)),Spanek_par!B6,"") -> 62 | H6: =IF(AND(ISNUMBER(Spanek_par!B6),ISNUMBER(Spanek_par!C6)),Spanek_par!C6,"") -> 55 | I6: =IF(G6="","",G6-H6) -> 7
A7: Odhad směrodatné chyby | B7: =B4/SQRT(B2) -> 0.69084928 | F7: =Spanek_par!A7 -> 6 | G7: =IF(AND(ISNUMBER(Spanek_par!B7),ISNUMBER(Spanek_par!C7)),Spanek_par!B7,"") -> 47 | H7: =IF(AND(ISNUMBER(Spanek_par!B7),ISNUMBER(Spanek_par!C7)),Spanek_par!C7,"") -> 44 | I7: =IF(G7="","",G7-H7) -> 3
A8: Stupně volnosti | B8: =B2-1 -> 11 | F8: =Spanek_par!A8 -> 7 | G8: =IF(AND(ISNUMBER(Spanek_par!B8),ISNUMBER(Spanek_par!C8)),Spanek_par!B8,"") -> 55 | H8: =IF(AND(ISNUMBER(Spanek_par!B8),ISNUMBER(Spanek_par!C8)),Spanek_par!C8,"") -> 51 | I8: =IF(G8="","",G8-H8) -> 4
A9: Testová statistika t | B9: =B3/B7 -> 5.0662281 | D9: Párový t-test = jednovýběrový t-test rozdílů. | F9: =Spanek_par!A9 -> 8 | G9: =IF(AND(ISNUMBER(Spanek_par!B9),ISNUMBER(Spanek_par!C9)),Spanek_par!B9,"") -> 42 | H9: =IF(AND(ISNUMBER(Spanek_par!B9),ISNUMBER(Spanek_par!C9)),Spanek_par!C9,"") -> 43 | I9: =IF(G9="","",G9-H9) -> -1
A10: P-hodnota oboustranně | B10: =_xlfn.T.DIST.2T(ABS(B9),B8) -> 0.00036272294 | F10: =Spanek_par!A10 -> 9 | G10: =IF(AND(ISNUMBER(Spanek_par!B10),ISNUMBER(Spanek_par!C10)),Spanek_par!B10,"") | H10: =IF(AND(ISNUMBER(Spanek_par!B10),ISNUMBER(Spanek_par!C10)),Spanek_par!C10,"") | I10: =IF(G10="","",G10-H10)
A11: Kvantil t-rozdělení | B11: =_xlfn.T.INV(1-(1-B5)/2,B8) -> 2.2009852 | F11: =Spanek_par!A11 -> 10 | G11: =IF(AND(ISNUMBER(Spanek_par!B11),ISNUMBER(Spanek_par!C11)),Spanek_par!B11,"") -> 49 | H11: =IF(AND(ISNUMBER(Spanek_par!B11),ISNUMBER(Spanek_par!C11)),Spanek_par!C11,"") -> 44 | I11: =IF(G11="","",G11-H11) -> 5
A12: Dolní mez | B12: =B3-B11*B7 -> 1.979451 | F12: =Spanek_par!A12 -> 11 | G12: =IF(AND(ISNUMBER(Spanek_par!B12),ISNUMBER(Spanek_par!C12)),Spanek_par!B12,"") -> 60 | H12: =IF(AND(ISNUMBER(Spanek_par!B12),ISNUMBER(Spanek_par!C12)),Spanek_par!C12,"") -> 58 | I12: =IF(G12="","",G12-H12) -> 2
A13: Horní mez | B13: =B3+B11*B7 -> 5.020549 | F13: =Spanek_par!A13 -> 12 | G13: =IF(AND(ISNUMBER(Spanek_par!B13),ISNUMBER(Spanek_par!C13)),Spanek_par!B13,"") -> 45 | H13: =IF(AND(ISNUMBER(Spanek_par!B13),ISNUMBER(Spanek_par!C13)),Spanek_par!C13,"") -> 39 | I13: =IF(G13="","",G13-H13) -> 6
A14: Kontrola: párový T.TEST | B14: =_xlfn.T.TEST(G2:G14,H2:H14,2,1) -> 0.00036272294 | D14: T.TEST typu 1 vrací jen p-hodnotu. | F14: =Spanek_par!A14 -> 13 | G14: =IF(AND(ISNUMBER(Spanek_par!B14),ISNUMBER(Spanek_par!C14)),Spanek_par!B14,"") -> 52 | H14: =IF(AND(ISNUMBER(Spanek_par!B14),ISNUMBER(Spanek_par!C14)),Spanek_par!C14,"") -> 50 | I14: =IF(G14="","",G14-H14) -> 2

Sheet Klasicky_test
A1: Klasický t-test pro dva nezávislé výběry | B1: Hodnota
A2: Průměr první skupiny m₁ | B2: 39.03 | D2: Výchozí vstupy: parkovací studie (list Parkovani).
A3: Výběrová směrodatná odchylka s₁ | B3: 14.6
A4: Velikost první skupiny n₁ | B4: 100
A5: Průměr druhé skupiny m₂ | B5: 32.15
A6: Výběrová směrodatná odchylka s₂ | B6: 14.6
A7: Velikost druhé skupiny n₂ | B7: 100
A8: Hladina spolehlivosti | B8: 0.95 | D8: Žlutě: vstupy. Modře: výpočty.
A10: Rozdíl průměrů m₁ − m₂ | B10: =B2-B5 -> 6.88
A11: Společný odhad rozptylu | B11: =((B4-1)*B3^2+(B7-1)*B6^2)/(B4+B7-2) -> 213.16 | D11: Předpokládá shodné rozptyly obou populací.
A12: Společná směrodatná odchylka | B12: =SQRT(B11) -> 14.6
A13: Odhad směrodatné chyby rozdílu | B13: =B12*SQRT(1/B4+1/B7) -> 2.0647518
A14: Stupně volnosti | B14: =B4+B7-2 -> 198
A15: Testová statistika t | B15: =B10/B13 -> 3.3321196
A16: P-hodnota oboustranně | B16: =_xlfn.T.DIST.2T(ABS(B15),B14) -> 0.001028378
A17: Kvantil t-rozdělení | B17: =_xlfn.T.INV(1-(1-B8)/2,B14) -> 1.9720175
A18: Dolní mez intervalu pro rozdíl | B18: =B10-B17*B13 -> 2.8082734
A19: Horní mez intervalu pro rozdíl | B19: =B10+B17*B13 -> 10.951727
A20: Cohenovo d | B20: =B10/B12 -> 0.47123288 | D20: Ve jmenovateli je společná směrodatná odchylka, ne chyba.

Sheet Welch
A1: Welchův t-test pro dva nezávislé výběry | B1: Hodnota
A2: Průměr skupiny po běžném spánku m₁ | B2: =AVERAGE(Spanek_skupiny!A2:A31) -> 50 | D2: Data jsou na listu Spanek_skupiny.
A3: Výběrová směrodatná odchylka s₁ | B3: =_xlfn.STDEV.S(Spanek_skupiny!A2:A31) -> 7.9697705
A4: Velikost skupiny n₁ | B4: =COUNT(Spanek_skupiny!A2:A31) -> 30
A5: Průměr skupiny po krátkém spánku m₂ | B5: =AVERAGE(Spanek_skupiny!B2:B13) -> 42
A6: Výběrová směrodatná odchylka s₂ | B6: =_xlfn.STDEV.S(Spanek_skupiny!B2:B13) -> 14
A7: Velikost skupiny n₂ | B7: =COUNT(Spanek_skupiny!B2:B13) -> 12
A8: Hladina spolehlivosti | B8: 0.95 | D8: Žlutě: vstupy. Modře: výpočty.
A10: Rozdíl průměrů m₁ − m₂ | B10: =B2-B5 -> 8
A11: Odhad směrodatné chyby rozdílu | B11: =SQRT(B3^2/B4+B6^2/B7) -> 4.2954132
A12: Welchovy stupně volnosti | B12: =(B3^2/B4+B6^2/B7)^2/((B3^2/B4)^2/(B4-1)+(B6^2/B7)^2/(B7-1)) -> 13.947732 | D12: Stupně volnosti nejsou celé číslo; nezaokrouhlují se.
A13: Testová statistika t | B13: =B10/B11 -> 1.8624518
A14: P-hodnota oboustranně (T.TEST typu 3) | B14: =_xlfn.T.TEST(Spanek_skupiny!A2:A31,Spanek_skupiny!B2:B13,2,3) -> 0.083737232
A15: Kvantil t-rozdělení bez zkrácení stupňů volnosti | B15: =SQRT(B12*(1-_xlfn.BETA.INV(1-B8,B12/2,0.5))/_xlfn.BETA.INV(1-B8,B12/2,0.5)) -> 2.145541 | D15: T.INV a T.INV.2T by stupně volnosti zkrátily na celé číslo; tento vzorec vrací přesný kvantil.
A16: Dolní mez intervalu pro rozdíl | B16: =B10-B15*B11 -> -1.2159851
A17: Horní mez intervalu pro rozdíl | B17: =B10+B15*B11 -> 17.215985
A19: Pro srovnání: p-hodnota klasického testu | B19: =_xlfn.T.TEST(Spanek_skupiny!A2:A31,Spanek_skupiny!B2:B13,2,2) -> 0.024203749
A20: Pro srovnání: T.INV.2T se zkrácenými stupni volnosti | B20: =_xlfn.T.INV.2T(1-B8,B12) -> 2.1603687 | D20: Neodpovídá p-hodnotě v B14; jen pro ukázku zkrácení.

Sheet Zmeny
A1: Změna ve dvou skupinách | B1: Hodnota | F1: Změna po − před (body) | G1: Skupina
A2: Trénink: počet studentů | B2: =COUNT(F2:F17) -> 16 | D2: Data jsou na listu Trenink; řádky 2–17 trénink, 18–33 kontrola. | F2: =Trenink!D2-Trenink!C2 -> 12 | G2: =Trenink!B2 -> trénink
A3: Trénink: průměrná změna | B3: =AVERAGE(F2:F17) -> 4 | F3: =Trenink!D3-Trenink!C3 -> -3 | G3: =Trenink!B3 -> trénink
A4: Trénink: směrodatná odchylka změn | B4: =_xlfn.STDEV.S(F2:F17) -> 6.8215345 | F4: =Trenink!D4-Trenink!C4 -> 8 | G4: =Trenink!B4 -> trénink
A5: Kontrola: počet studentů | B5: =COUNT(F18:F33) -> 16 | F5: =Trenink!D5-Trenink!C5 -> -4 | G5: =Trenink!B5 -> trénink
A6: Kontrola: průměrná změna | B6: =AVERAGE(F18:F33) -> 2 | F6: =Trenink!D6-Trenink!C6 -> 14 | G6: =Trenink!B6 -> trénink
A7: Kontrola: směrodatná odchylka změn | B7: =_xlfn.STDEV.S(F18:F33) -> 5.7271284 | F7: =Trenink!D7-Trenink!C7 -> 5 | G7: =Trenink!B7 -> trénink
A8: Hladina spolehlivosti | B8: 0.95 | D8: Žlutě: vstupy. Modře: výpočty. | F8: =Trenink!D8-Trenink!C8 -> 9 | G8: =Trenink!B8 -> trénink
F9: =Trenink!D9-Trenink!C9 -> -2 | G9: =Trenink!B9 -> trénink
A10: Trénink: t změny (párový t-test) | B10: =B3/(B4/SQRT(B2)) -> 2.3455133 | D10: Testy uvnitř skupin samy rozdíl mezi skupinami nedokládají. | F10: =Trenink!D10-Trenink!C10 -> 3 | G10: =Trenink!B10 -> trénink
A11: Trénink: p-hodnota oboustranně | B11: =_xlfn.T.DIST.2T(ABS(B10),B2-1) -> 0.03316612 | F11: =Trenink!D11-Trenink!C11 -> 10 | G11: =Trenink!B11 -> trénink
A12: Kontrola: t změny (párový t-test) | B12: =B6/(B7/SQRT(B5)) -> 1.3968606 | F12: =Trenink!D12-Trenink!C12 -> -6 | G12: =Trenink!B12 -> trénink
A13: Kontrola: p-hodnota oboustranně | B13: =_xlfn.T.DIST.2T(ABS(B12),B5-1) -> 0.18278031 | F13: =Trenink!D13-Trenink!C13 -> 7 | G13: =Trenink!B13 -> trénink
F14: =Trenink!D14-Trenink!C14 -> 4 | G14: =Trenink!B14 -> trénink
A15: Rozdíl průměrných změn trénink − kontrola | B15: =B3-B6 -> 2 | F15: =Trenink!D15-Trenink!C15 -> 13 | G15: =Trenink!B15 -> trénink
A16: Společná směrodatná odchylka změn | B16: =SQRT(((B2-1)*B4^2+(B5-1)*B7^2)/(B2+B5-2)) -> 6.2981479 | F16: =Trenink!D16-Trenink!C16 -> 0 | G16: =Trenink!B16 -> trénink
A17: Odhad směrodatné chyby rozdílu změn | B17: =B16*SQRT(1/B2+1/B5) -> 2.2267315 | F17: =Trenink!D17-Trenink!C17 -> -6 | G17: =Trenink!B17 -> trénink
A18: Stupně volnosti | B18: =B2+B5-2 -> 30 | F18: =Trenink!D18-Trenink!C18 -> 6 | G18: =Trenink!B18 -> kontrola
A19: Testová statistika t rozdílu změn | B19: =B15/B17 -> 0.89817743 | D19: O účinku tréninku rozhoduje rozdíl změn. | F19: =Trenink!D19-Trenink!C19 -> -7 | G19: =Trenink!B19 -> kontrola
A20: P-hodnota rozdílu změn oboustranně | B20: =_xlfn.T.DIST.2T(ABS(B19),B18) -> 0.37624333 | F20: =Trenink!D20-Trenink!C20 -> 9 | G20: =Trenink!B20 -> kontrola
A21: Dolní mez intervalu pro rozdíl změn | B21: =B15-_xlfn.T.INV(1-(1-B8)/2,B18)*B17 -> -2.5475925 | F21: =Trenink!D21-Trenink!C21 -> -3 | G21: =Trenink!B21 -> kontrola
A22: Horní mez intervalu pro rozdíl změn | B22: =B15+_xlfn.T.INV(1-(1-B8)/2,B18)*B17 -> 6.5475925 | F22: =Trenink!D22-Trenink!C22 -> 10 | G22: =Trenink!B22 -> kontrola
F23: =Trenink!D23-Trenink!C23 -> 1 | G23: =Trenink!B23 -> kontrola
F24: =Trenink!D24-Trenink!C24 -> -6 | G24: =Trenink!B24 -> kontrola
F25: =Trenink!D25-Trenink!C25 -> 5 | G25: =Trenink!B25 -> kontrola
F26: =Trenink!D26-Trenink!C26 -> 2 | G26: =Trenink!B26 -> kontrola
F27: =Trenink!D27-Trenink!C27 -> 11 | G27: =Trenink!B27 -> kontrola
F28: =Trenink!D28-Trenink!C28 -> -4 | G28: =Trenink!B28 -> kontrola
F29: =Trenink!D29-Trenink!C29 -> 3 | G29: =Trenink!B29 -> kontrola
F30: =Trenink!D30-Trenink!C30 -> -1 | G30: =Trenink!B30 -> kontrola
F31: =Trenink!D31-Trenink!C31 -> 8 | G31: =Trenink!B31 -> kontrola
F32: =Trenink!D32-Trenink!C32 -> 0 | G32: =Trenink!B32 -> kontrola
F33: =Trenink!D33-Trenink!C33 -> -2 | G33: =Trenink!B33 -> kontrola

Sheet Ekvivalence_skupin
A1: Test rozdílu a test ekvivalence dvou skupin | B1: Hodnota
A2: Hranice ekvivalence Δ, zvolená předem | B2: 3 | D2: Hranice stanovte před analýzou, ne podle výsledku.
A3: Průměr první skupiny m₁ (online) | B3: 49.2 | D3: Výchozí vstupy: velká studie z listu Ekv_studie.
A4: Výběrová směrodatná odchylka s₁ | B4: 10
A5: Velikost první skupiny n₁ | B5: 200
A6: Průměr druhé skupiny m₂ (papír) | B6: 50.1
A7: Výběrová směrodatná odchylka s₂ | B7: 10
A8: Velikost druhé skupiny n₂ | B8: 200
A9: Hladina významnosti | B9: 0.05 | D9: Žlutě: vstupy. Modře: výpočty.
A11: Rozdíl průměrů m₁ − m₂ | B11: =B3-B6 -> -0.9
A12: Společná směrodatná odchylka | B12: =SQRT(((B5-1)*B4^2+(B8-1)*B7^2)/(B5+B8-2)) -> 10
A13: Odhad směrodatné chyby rozdílu | B13: =B12*SQRT(1/B5+1/B8) -> 1
A14: Stupně volnosti | B14: =B5+B8-2 -> 398
A15: ="Test rozdílu: dolní mez "&(100*(1-B9))&"% intervalu" -> Test rozdílu: dolní mez 95% intervalu | B15: =B11-_xlfn.T.INV(1-B9/2,B14)*B13 -> -2.8659423 | D15: =(100*(1-B9))&"% interval slouží testu rozdílu." -> 95% interval slouží testu rozdílu.
A16: ="Test rozdílu: horní mez "&(100*(1-B9))&"% intervalu" -> Test rozdílu: horní mez 95% intervalu | B16: =B11+_xlfn.T.INV(1-B9/2,B14)*B13 -> 1.0659423
A17: Test rozdílu: oboustranná p-hodnota | B17: =_xlfn.T.DIST.2T(ABS(B11/B13),B14) -> 0.36866447
A18: Test rozdílu: rozhodnutí | B18: =IF(B17<=B9,"zamítáme nulovou hypotézu","nulovou hypotézu nezamítáme") -> nulovou hypotézu nezamítáme
A19: ="Test ekvivalence: dolní mez "&(100*(1-2*B9))&"% intervalu" -> Test ekvivalence: dolní mez 90% intervalu | B19: =B11-_xlfn.T.INV(1-B9,B14)*B13 -> -2.5486912 | D19: =(100*(1-2*B9))&"% interval slouží testu ekvivalence:" -> 90% interval slouží testu ekvivalence:
A20: ="Test ekvivalence: horní mez "&(100*(1-2*B9))&"% intervalu" -> Test ekvivalence: horní mez 90% intervalu | B20: =B11+_xlfn.T.INV(1-B9,B14)*B13 -> 0.74869117 | D20: dva jednostranné testy, každý na hladině B9.
A21: Test ekvivalence: závěr | B21: =IF(AND(B19>=-B2,B20<=B2),"ekvivalence doložena","ekvivalence nedoložena") -> ekvivalence doložena | D21: Interval nesmí přesáhnout hranice −Δ a Δ; přesný dotyk připouštíme.
A23: Nepovinně: t vůči dolní hranici | B23: =(B11+B2)/B13 -> 2.1
A24: Nepovinně: p-hodnota vůči dolní hranici | B24: =1-_xlfn.T.DIST(B23,B14,TRUE) -> 0.01817888
A25: Nepovinně: t vůči horní hranici | B25: =(B11-B2)/B13 -> -3.9
A26: Nepovinně: p-hodnota vůči horní hranici | B26: =_xlfn.T.DIST(B25,B14,TRUE) -> 5.6445111e-05
A27: Nepovinně: výsledná p-hodnota TOST | B27: =MAX(B24,B26) -> 0.01817888 | D27: Větší z obou p-hodnot; nejvýše B9 znamená ekvivalenci.

Sheet Spanek_par
A1: Student (ID) | B1: Skór po běžném spánku (body) | C1: Skór po krátkém spánku (body) | E1: Použití a původ
A2: 1 | B2: 58 | C2: 53 | E2: Výklad: párová data, neúplná dvojice a párový t-test
A3: 2 | B3: 44 | C3: 42
A4: 3 | B4: 51 | C4: 45 | E4: Autorský ilustrační model skóru pozornosti; řádek je jeden student a obě hodnoty téhož studenta jsou ve stejném řádku. Student 9 se druhého měření nezúčastnil (prázdná buňka). Neúplnou dvojici vyřazujte celou; nemažte prázdnou buňku samostatně. Hotový výpočet je na listu Parovy_test.
A5: 4 | B5: 39 | C5: 38
A6: 5 | B6: 62 | C6: 55
A7: 6 | B7: 47 | C7: 44
A8: 7 | B8: 55 | C8: 51
A9: 8 | B9: 42 | C9: 43
A10: 9 | B10: 53
A11: 10 | B11: 49 | C11: 44
A12: 11 | B12: 60 | C12: 58
A13: 12 | B13: 45 | C13: 39
A14: 13 | B14: 52 | C14: 50

Sheet Spanek_skupiny
A1: Skupina po běžném spánku (body) | B1: Skupina po krátkém spánku (body) | D1: Použití a původ
A2: 67 | B2: 52 | D2: Výklad: dvě nezávislé skupiny, klasický a Welchův t-test
A3: 55 | B3: 55
A4: 54 | B4: 23 | D4: Autorský ilustrační model; každá hodnota je jiný student. Hodnoty ve stejném řádku k sobě nepatří, skupiny jsou nezávislé (30 a 12 studentů). Hotový výpočet je na listu Welch.
A5: 46 | B5: 59
A6: 43 | B6: 36
A7: 41 | B7: 51
A8: 57 | B8: 24
A9: 41 | B9: 56
A10: 54 | B10: 28
A11: 44 | B11: 34
A12: 40 | B12: 56
A13: 47 | B13: 30
A14: 41
A15: 51
A16: 45
A17: 47
A18: 62
A19: 44
A20: 49
A21: 54
A22: 69
A23: 36
A24: 56
A25: 49
... A31: 41

Sheet Parkovani
A1: Vstup | B1: Řidiči s čekajícím autem | C1: Řidiči bez čekajícího auta | E1: Použití a původ
A2: Průměr doby odjezdu (s) | B2: 39.03 | C2: 32.15 | E2: Výklad: klasický t-test, interval a Cohenovo d
A3: Výběrová směrodatná odchylka (s) | B3: 14.6 | C3: 14.6
A4: Počet řidičů | B4: 100 | C4: 100 | E4: Souhrny podle Howella (2013, s. 86) ze studie Rubacka a Juienga (1997); jednotlivé hodnoty sešit neobsahuje. Hotový výpočet je na listu Klasicky_test.

Sheet Anorexie
A1: Vstup | B1: Hodnota | D1: Použití a původ
A2: Počet dívek | B2: 17 | D2: Výklad: měření před a po bez kontrolní skupiny; volba směrodatné odchylky pro d
A3: Průměrná hmotnost před terapií (kg) | B3: 37.752
A4: Průměrná hmotnost po terapii (kg) | B4: 41.047 | D4: Skutečná data: Everitt podle Howella (2013, tab. 7.3, s. 198–199). Howell uvádí libry; souhrny byly spočítány z hodnot převedených na kilogramy (1 lb = 0,45359237 kg) a zaokrouhleny na tři desetinná místa. Jednotlivé hodnoty sešit neobsahuje.
A5: Průměrná změna po − před (kg) | B5: 3.295
A6: Směrodatná odchylka změn (kg) | B6: 3.247
A7: Směrodatná odchylka hmotnosti před terapií (kg) | B7: 2.276

Sheet Vedle_sebe
A1: Vstup | B1: Krátký spánek | C1: Běžný spánek | E1: Použití a původ
A2: Průměr (body) | B2: 46 | C2: 52 | E2: Výklad: intervaly dvou skupin a interval rozdílu
A3: Výběrová směrodatná odchylka (body) | B3: 10 | C3: 10
A4: Počet studentů | B4: 25 | C4: 25 | E4: Autorský ilustrační model dvou nezávislých skupin. Interval rozdílu lze spočítat na listu Klasicky_test po přepsání vstupů.

Sheet Trenink
A1: Student (ID) | B1: Skupina | C1: Skór před (body) | D1: Skór po (body) | F1: Použití a původ
A2: 1 | B2: trénink | C2: 46 | D2: 58 | F2: Výklad: změna ve dvou skupinách
A3: 2 | B3: trénink | C3: 52 | D3: 49
A4: 3 | B4: trénink | C4: 41 | D4: 49 | F4: Autorský ilustrační model; řádek je jeden student, studenti byli do skupin náhodně přiřazeni. Hotový výpočet je na listu Zmeny.
A5: 4 | B5: trénink | C5: 55 | D5: 51
A6: 5 | B6: trénink | C6: 48 | D6: 62
A7: 6 | B7: trénink | C7: 44 | D7: 49
A8: 7 | B8: trénink | C8: 50 | D8: 59
A9: 8 | B9: trénink | C9: 57 | D9: 55
A10: 9 | B10: trénink | C10: 43 | D10: 46
A11: 10 | B11: trénink | C11: 49 | D11: 59
A12: 11 | B12: trénink | C12: 53 | D12: 47
A13: 12 | B13: trénink | C13: 47 | D13: 54
A14: 13 | B14: trénink | C14: 45 | D14: 49
A15: 14 | B15: trénink | C15: 51 | D15: 64
A16: 15 | B16: trénink | C16: 58 | D16: 58
... A33: 32 | B33: kontrola | C33: 47 | D33: 45

Sheet Ekv_studie
A1: Studie | B1: Průměr online (body) | C1: Průměr papír (body) | D1: Výběrová směrodatná odchylka v obou skupinách (body) | E1: Počet studentů v každé skupině | G1: Použití a původ
A2: velká | B2: 49.2 | C2: 50.1 | D2: 10 | E2: 200 | G2: Výklad: ekvivalence online a papírové verze testu
A3: malá | B3: 49.2 | C3: 50.1 | D3: 10 | E3: 30
G4: Smyšlené studie s náhodným přiřazením k verzím. Hranice ekvivalence pro rozdíl online − papír jsou −3 a 3 body, stanovené předem. Řádek je studie. Hotový výpočet je na listu Ekvivalence_skupin.

Sheet U02_relaxace
A1: Vstup | B1: Hodnota | D1: Použití a původ
A2: Počet studentů | B2: 20 | D2: Cvičení 2
A3: Průměrný pokles skóru úzkosti před − po (body) | B3: 2.5
A4: Směrodatná odchylka poklesů (body) | B4: 4 | D4: Autorské ilustrační údaje. Nejde o skutečný výzkum.

Sheet U03_stroop
A1: Student (ID) | B1: Kongruentní verze (ms) | C1: Nekongruentní verze (ms) | E1: Použití a původ
A2: 1 | B2: 612 | C2: 689 | E2: Cvičení 3
A3: 2 | B3: 685 | C3: 742
A4: 3 | B4: 590 | C4: 671 | E4: Autorské ilustrační údaje; průměrná reakční doba studenta v milisekundách. Řádek je jeden student; prázdná buňka znamená chybějící měření.
A5: 4 | B5: 731 | C5: 790
A6: 5 | B6: 648 | C6: 702
A7: 6 | B7: 577 | C7: 660
A8: 7 | B8: 702
A9: 8 | B9: 659 | C9: 731
A10: 9 | C10: 698
A11: 10 | B11: 624 | C11: 701
A12: 11 | B12: 690 | C12: 768
A13: 12 | B13: 605 | C13: 672
A14: 13 | B14: 668 | C14: 735
A15: 14 | B15: 641 | C15: 699
A16: 15 | B16: 720 | C16: 805

Sheet U05_hrozba
A1: Vstup | B1: Kontrolní skupina | C1: Skupina s hrozbou stereotypu | E1: Použití a původ
A2: Průměrný počet vyřešených úloh | B2: 9.64 | C2: 6.58 | E2: Cvičení 5, 13 a 14
A3: Výběrová směrodatná odchylka | B3: 3.17 | C3: 3.03
A4: Počet studentů | B4: 11 | C4: 12 | E4: Souhrny podle Howella (2013, s. 215–217), který zkonstruoval data podle studie Aronsona et al. (1998); nejde o původní data studie.

Sheet U06_hudba
A1: Hudba v pozadí: doba řešení (s) | B1: Ticho: doba řešení (s) | D1: Použití a původ
A2: 78 | B2: 52 | D2: Cvičení 6
A3: 41 | B3: 48
A4: 95 | B4: 61 | D4: Autorské ilustrační údaje; každá hodnota je jiný student, hodnoty ve stejném řádku k sobě nepatří (10 a 25 studentů).
A5: 62 | B5: 44
A6: 54 | B6: 57
A7: 88 | B7: 50
A8: 47 | B8: 46
A9: 71 | B9: 55
A10: 39 | B10: 49
A11: 66 | B11: 63
B12: 51
B13: 45
B14: 58
B15: 53
B16: 47
B17: 60
B18: 50
B19: 54
B20: 42
B21: 56
B22: 49
B23: 52
... B26: 51

Sheet U07_standardizace
A1: Vstup | B1: Hodnota | D1: Použití a původ
A2: Počet lidí | B2: 25 | D2: Cvičení 7 a 14
A3: Směrodatná odchylka skóru před kurzem (body) | B3: 6
A4: Směrodatná odchylka skóru po kurzu (body) | B4: 6 | D4: Autorské ilustrační údaje. Nejde o skutečný výzkum.
A5: Průměrná změna po − před (body) | B5: 3
A6: Směrodatná odchylka změn (body) | B6: 3

Sheet U09_zmeny
A1: Vstup | B1: Paměťová skupina | C1: Kontrolní skupina | E1: Použití a původ
A2: Počet seniorů | B2: 20 | C2: 20 | E2: Cvičení 9
A3: Průměrná změna po − před (body) | B3: 3.1 | C3: 1.2
A4: Směrodatná odchylka změn (body) | B4: 5 | C4: 5.2 | E4: Autorské ilustrační údaje. Nejde o skutečný výzkum.

Sheet U10_verze
A1: Vstup | B1: Hodnota | D1: Použití a původ
A2: Hranice ekvivalence Δ (body) | B2: 2 | D2: Cvičení 10
A3: Průměr tabletové verze (body) | B3: 30.6
A4: Směrodatná odchylka, tablet (body) | B4: 8 | D4: Pořadí vstupů odpovídá buňkám B2:B8 listu Ekvivalence_skupin. V části c) změňte oba počty na 40.
A5: Počet lidí, tablet | B5: 250
A6: Průměr papírové verze (body) | B6: 30
A7: Směrodatná odchylka, papír (body) | B7: 8
A8: Počet lidí, papír | B8: 250
